id,name,zip_code
0,Norman Johnson,1659
1,Jason Hughes,2405
2,Antonio Russell,4769
3,George Bailey,4349
4,Gregory Brown,1708
5,Joe Powell,4813
6,Tony Morris,3606
7,Dale Hall,2395
8,Adam Powell,4303
9,Antonio Hughes,1064
10,Bobby Nelson,2505
11,Scott Alexander,1674
12,Norman Smith,2428
13,Brian Thompson,2379
14,Walter Kelly,3473
15,Manuel Simmons,3441
16,John Jackson,2538
17,Billy Richardson,4425
18,Henry Butler,4606
19,Fred Lopez,1900
20,Ernest Adams,4662
21,Gary Sanchez,3126
22,Frank Collins,4422
23,Alan Hayes,4598
24,Alan Carter,1423
25,Billy Peterson,3592
26,Louis Carter,3354
27,Robert Bailey,3563
28,Russell Robinson,4127
29,Harry Martin,4471
30,Douglas White,1729
31,Aaron Kelly,1894
32,Jeffrey Hayes,4972
33,Aaron Taylor,2027
34,Richard Hall,3841
35,John Bell,2826
36,Allen Gray,1570
37,Randy James,2572
38,Matthew King,2898
39,Peter Coleman,2597
40,Adam Butler,1189
41,Charles Taylor,2562
42,Gary Evans,3249
43,Arthur Anderson,4897
44,Billy Collins,3228
45,Eugene Johnson,1696
46,Todd Miller,4707
47,Johnny Morgan,3792
48,Martin Rogers,1944
49,Jeffrey Lee,4645
50,Willie Russell,3435
51,Norman Evans,4181
52,Allen Bell,1762
53,Ryan Bennett,4832
54,Ernest Perry,3734
55,Joshua Bennett,1036
56,Justin Sanchez,3446
57,Adam Torres,1807
58,Peter Foster,1110
59,Joseph Thomas,4947
60,Ronald Roberts,3940
61,Craig Simmons,2422
62,Brandon Perry,3908
63,John Foster,2595
64,Paul Perry,3445
65,Bruce Bell,4742
66,Manuel Gonzales,4767
67,Aaron Gray,3233
68,Shawn Thomas,4114
69,Kenneth Thompson,4172
70,Nathan Jackson,4298
71,Douglas Green,4202
72,Ernest Hughes,3160
73,Ryan Hernandez,3347
74,Benjamin Bennett,4582
75,Benjamin Lee,3417
76,Allen Johnson,1737
77,Patrick Bryant,3833
78,Charles Wood,3296
79,Douglas Allen,2582
80,Luis Stewart,2022
81,Scott Bell,4570
82,Roger Howard,4608
83,Albert Gonzales,4329
84,Steven Green,2725
85,Henry King,3455
86,Jeremy Clark,3520
87,Roy Wood,3447
88,Earl Flores,4511
89,Jose Hall,1843
90,Ryan Garcia,2965
91,Albert Henderson,1719
92,Andrew Cook,2784
93,Russell Cooper,1540
94,Richard Simmons,1444
95,Joshua Bell,4312
96,Bobby Phillips,3000
97,Phillip Flores,4107
98,Roger Cooper,4835
99,Henry Lopez,1767
100,Danny Coleman,1242
101,Jack Cook,3738
102,Arthur Taylor,2718
103,Albert Turner,2554
104,Roger Torres,1955
105,Jesse Taylor,3928
106,Anthony Washington,3641
107,Scott Bennett,1518
108,Norman Ross,1611
109,Ralph Perez,4090
110,Danny Bennett,2177
111,Benjamin Sanchez,4906
112,Sean Wright,2528
113,Richard Sanchez,2887
114,Steven Russell,1761
115,Luis Brown,3266
116,Carlos Parker,4330
117,Victor Morgan,3348
118,Kenneth Sanders,1378
119,Leonard Kelly,4161
120,John Washington,1323
121,Andrew Lopez,4369
122,Todd Stewart,1481
123,Tony Watson,1712
124,Walter Miller,2532
125,Thomas Baker,4277
126,Mike Hill,4655
127,Albert Foster,3471
128,Carl Hall,2772
129,Russell Rivera,4710
130,Scott Diaz,2778
131,Kenneth Bryant,3029
132,Clarence Miller,4625
133,Victor Bennett,4179
134,Jack Evans,1996
135,Patrick Rodriguez,1203
136,Allen Diaz,4586
137,Charles Taylor,3227
138,Michael Thomas,1871
139,Anthony Carter,1561
140,Jeremy Morris,3141
141,Dale Lopez,1414
142,Mark Stewart,1256
143,Phillip Butler,2372
144,Juan Walker,2022
145,Timothy Coleman,3909
146,Jose Edwards,1293
147,Paul Jackson,2209
148,Daniel Murphy,4554
149,Brian Doe,3310
150,Raymond Griffin,1937
151,Rodney Lopez,1592
152,Anthony Parker,3540
153,Ralph Roberts,2305
154,Walter Clark,3470
155,Andrew Stewart,1958
156,Larry Hall,1915
157,Clarence Patterson,2147
158,Arthur Baker,4298
159,Benjamin White,2447
160,Ryan Hayes,1240
161,Norman Reed,4709
162,Terry Cook,4314
163,Phillip Allen,2049
164,Donald Evans,4322
165,Anthony Watson,3520
166,Jason Torres,4906
167,Leonard Jackson,2542
168,Luis White,3899
169,Lawrence Hill,3005
170,Sean Harris,3209
171,Tony Clark,3313
172,Benjamin Bell,3723
173,Arthur Butler,2933
174,Jeffrey Robinson,3813
175,Joshua Parker,1792
176,Billy Simmons,3518
177,Walter Flores,1383
178,Joe Doe,4995
179,Terry Bryant,1057
180,Richard Griffin,3977
181,Anthony Scott,4786
182,Earl Jenkins,1254
183,Alan Davis,4754
184,Brian Hall,2827
185,Harold Lopez,1650
186,Antonio Murphy,2285
187,Walter Phillips,4004
188,Scott Rodriguez,4889
189,Charles Brown,3938
190,Eugene Gray,4646
191,Jeremy Foster,1667
192,Douglas Stewart,4935
193,Jeffrey Taylor,2410
194,Donald Griffin,4743
195,Adam Rodriguez,4706
196,Bruce Patterson,1128
197,Randy Long,2559
198,Russell Jenkins,2626
199,Alan Roberts,2639
200,Justin Lopez,1321
201,George Harris,2071
202,Jimmy King,2277
203,Terry Turner,3320
204,Danny Martin,2053
205,Stanley Taylor,1618
206,Jose Torres,3285
207,Steve Moore,4956
208,William Green,2522
209,James Sanchez,2401
210,Roger Turner,1031
211,Danny Brooks,1247
212,Justin Rodriguez,3065
213,Aaron Edwards,4412
214,Christopher Sanchez,4436
215,Shawn Murphy,4870
216,Jonathan Lee,3242
217,Juan Cox,2629
218,James Wright,4953
219,Manuel Wright,2498
220,Juan Cox,2366
221,Ryan Morgan,3725
222,Jason Bryant,4647
223,Adam Scott,2567
224,Allen Powell,2959
225,Steve Doe,3465
226,Ralph Nelson,2295
227,Johnny Scott,3007
228,Samuel Garcia,1384
229,Walter Martinez,3916
230,Raymond Taylor,1029
231,Bryan Henderson,4907
232,Shawn Watson,4014
233,Jonathan Baker,1361
234,Terry Sanders,3425
235,Scott Lee,2237
236,Harry Wood,3435
237,Eric Cooper,3283
238,Earl Sanchez,3049
239,Matthew Wright,2850
240,Joe Robinson,2101
241,Eric Howard,4459
242,David Allen,2618
243,Wayne Bryant,4015
244,Joshua King,3685
245,Adam Hayes,1105
246,Jack Price,4627
247,Johnny Parker,2139
248,Manuel Patterson,3729
249,Walter Flores,2096
250,Philip Bennett,2069
251,Lawrence Roberts,4453
252,Aaron Harris,1007
253,Patrick Adams,1524
254,Stephen Bryant,2704
255,Bruce Martinez,3832
256,Adam Hall,3103
257,Victor Diaz,2064
258,Edward Miller,3797
259,Jonathan Harris,3026
260,Timothy Roberts,3584
261,Charles Griffin,1896
262,Gerald Young,4084
263,John Doe,2246
264,Patrick Nelson,4773
265,Samuel Smith,2527
266,Chris Bell,2210
267,Bryan Edwards,3020
268,Allen Barnes,2145
269,Harold Butler,4174
270,Bryan Ross,1922
271,Gerald Thompson,4468
272,Phillip Harris,3162
273,Carl Allen,1220
274,Victor Miller,4349
275,Phillip Wright,4639
276,Keith Barnes,3329
277,Jimmy Smith,1429
278,Harry Jackson,1861
279,Danny Kelly,3562
280,Larry Griffin,4526
281,Phillip Carter,2793
282,Harry Coleman,4525
283,Manuel Watson,2476
284,Jack Cook,2044
285,Douglas Davis,3392
286,Bryan Gonzalez,2654
287,Edward Anderson,1613
288,Luis Parker,1348
289,Tony Evans,4475
290,William Bailey,2175
291,Roy Nelson,2682
292,Thomas Howard,3563
293,Jerry Lewis,1032
294,Edward Martin,1633
295,James Bennett,2996
296,Henry Rivera,3805
297,Eugene Martin,4581
298,Joseph Torres,4594
299,Jose Morris,1469
300,Johnny Harris,1146
301,James Hall,4265
302,Patrick Torres,3052
303,Curtis Sanchez,4943
304,Bobby Baker,2355
305,Henry Wood,1802
306,Victor Hayes,4794
307,Phillip Jenkins,3876
308,Steve James,1325
309,Matthew Davis,1803
310,George Butler,1962
311,George Allen,2321
312,Thomas Campbell,2415
313,Matthew Diaz,1412
314,Gerald Martinez,1987
315,Victor Patterson,3471
316,Thomas Bryant,4336
317,Philip Perry,4856
318,Russell Griffin,2662
319,Stephen Rogers,4178
320,Joshua Bryant,3593
321,Charles Peterson,2800
322,Johnny Coleman,2475
323,Stanley Taylor,2078
324,Edward Thompson,2349
325,Walter Richardson,1469
326,Charles Campbell,2122
327,Paul Turner,1234
328,Rodney Allen,2743
329,Juan Taylor,3851
330,Jimmy Rogers,2604
331,Douglas Patterson,1313
332,Scott Scott,4549
333,Howard Thompson,1083
334,Stephen Simmons,3362
335,Henry Martin,3667
336,Fred Perez,4122
337,Richard Bennett,1810
338,Jack Ramirez,4566
339,Philip Clark,1971
340,Harold Wright,3795
341,Terry Diaz,4003
342,Keith Miller,1909
343,Samuel Cooper,1615
344,Eric Allen,1431
345,Terry Parker,3292
346,Bobby White,4632
347,Johnny Alexander,3848
348,Billy Phillips,4411
349,James Wright,2084
350,Willie Harris,2244
351,Joseph Coleman,1511
352,Bobby James,4187
353,Ernest Lee,2144
354,Nicholas Thomas,1806
355,Alan Wood,2311
356,Donald Anderson,4376
357,Matthew Adams,3614
358,Randy Reed,1153
359,Alan Alexander,4912
360,Arthur Jackson,3951
361,Joshua Collins,2141
362,Shawn Doe,4779
363,Craig Brooks,4348
364,David Taylor,2856
365,Jesse Evans,2522
366,Craig Perry,1017
367,Jimmy Hill,3048
368,Sean Stewart,4588
369,Gregory Lewis,2078
370,Jerry Wood,4049
371,Rodney Thomas,4733
372,Donald Ramirez,3543
373,William Jackson,3481
374,Daniel Young,2871
375,Douglas Griffin,3027
376,Alan Hernandez,1356
377,Roy Butler,4449
378,Harry King,3018
379,Walter Ward,4608
380,Edward Ramirez,1373
381,Sean Phillips,3739
382,Edward Stewart,3581
383,Daniel Simmons,1954
384,Fred Anderson,3987
385,Adam Washington,1693
386,Brian Foster,4087
387,Bryan White,4443
388,Steve Walker,2212
389,Gregory Cox,4731
390,Andrew Rogers,1167
391,Kenneth Young,2810
392,Daniel Harris,1035
393,Jonathan Perez,4543
394,Rodney Gonzalez,1251
395,Brandon Wood,4409
396,Jose Gonzalez,1833
397,John Torres,3992
398,Curtis Reed,1343
399,Tony Gray,3236
400,Douglas Martin,3841
401,Jonathan Cook,3919
402,Ryan Rogers,1671
403,Lawrence Clark,4526
404,Carlos Watson,2680
405,Kenneth Butler,3314
406,Lawrence Robinson,2067
407,Brandon Evans,2031
408,Frank Griffin,2269
409,Terry Martinez,3556
410,Christopher Bailey,3763
411,Roy James,3802
412,Jonathan Thomas,4431
413,Phillip Lewis,2381
414,Jerry Wilson,1374
415,Albert Mitchell,2455
416,Larry Stewart,1612
417,Norman Rogers,1713
418,Walter Wright,1659
419,Joshua Kelly,1582
420,Matthew Lopez,2054
421,Frank Smith,3963
422,Mike Richardson,2033
423,Roger Foster,2183
424,Roy Hill,2998
425,Norman Wilson,3764
426,Kevin White,4621
427,Joe Coleman,3045
428,Robert Clark,2495
429,Dennis Walker,4346
430,Stanley Watson,1906
431,Alan Patterson,1606
432,Luis Walker,1673
433,Patrick Roberts,3881
434,Jonathan Anderson,4396
435,Russell Parker,1456
436,Dale Robinson,2352
437,Stephen Torres,3815
438,Lawrence Stewart,4340
439,Howard Johnson,4470
440,Nicholas Kelly,2549
441,Douglas Garcia,2882
442,Randy Perry,4262
443,Howard Hughes,1912
444,Steve Ramirez,3858
445,Rodney Taylor,2493
446,Eric Hayes,1711
447,Brandon Garcia,2343
448,Charles Green,2764
449,Danny Johnson,1659
450,Bobby Brown,4263
451,Jose Ramirez,2630
452,Curtis Ramirez,4439
453,Harold Russell,3549
454,John Smith,1544
455,Sean Cox,2580
456,Carl Morris,3491
457,Nicholas Rodriguez,1830
458,Mike Patterson,3222
459,Brandon Turner,2378
460,Rodney Price,2920
461,Johnny Davis,1219
462,Martin Adams,1756
463,Antonio Jackson,2039
464,George Campbell,2650
465,Arthur Scott,1479
466,Walter Harris,4710
467,Jonathan Perry,2979
468,Samuel Wilson,1329
469,Carlos Barnes,2824
470,Earl Roberts,1250
471,Henry Clark,3569
472,Albert Sanders,3969
473,John Moore,4518
474,Ralph Cook,4342
475,Bryan Butler,4492
476,Arthur Martinez,4164
477,Harry Thomas,1142
478,Paul Taylor,2119
479,Justin Sanders,1331
480,Tony James,2003
481,Benjamin Rivera,1609
482,Charles Murphy,3530
483,Earl Ross,3171
484,Harry Stewart,1229
485,Craig Foster,1785
486,Clarence Gray,1751
487,Ronald Flores,4776
488,Roger White,3215
489,Ernest Rodriguez,3708
490,Bryan Butler,3038
491,Danny Parker,2473
492,Wayne Campbell,1186
493,Harold Doe,4218
494,Martin Edwards,3279
495,Ronald Phillips,2480
496,Eugene Edwards,3244
497,Frank Henderson,2285
498,Douglas Diaz,4448
499,Chris Price,3391
500,James Anderson,1191
501,Edward Richardson,2993
502,Manuel Moore,1487
503,Daniel Cook,2266
504,Phillip Martin,1709
505,Luis Gray,2558
506,Harold Stewart,2720
507,Jonathan King,4483
508,Raymond Rivera,3035
509,Robert Jackson,4088
510,Harry Diaz,3308
511,Jeffrey Griffin,3665
512,Justin Simmons,4812
513,Carlos Green,2471
514,Joseph Harris,2218
515,Chris Foster,3191
516,Gary Coleman,4277
517,Norman Bailey,4037
518,Phillip Ramirez,2135
519,Danny Scott,4135
520,Joshua Thompson,4326
521,Ernest Cox,2556
522,Daniel Young,3201
523,Jack Allen,3420
524,Adam Long,4633
525,Robert Thomas,3345
526,David Lee,3149
527,Jimmy Bennett,3420
528,Russell Henderson,2827
529,Norman Wood,1437
530,Douglas Hayes,1424
531,Steve Alexander,2348
532,Ronald Cox,2914
533,Arthur Turner,1411
534,Keith Lopez,2872
535,Todd Patterson,1636
536,Jonathan Scott,2368
537,Anthony Adams,3878
538,Ronald Taylor,3461
539,Eugene Lee,3084
540,Gary Garcia,4671
541,Roy Hughes,4664
542,Jeffrey Bell,3511
543,Gerald Hughes,2634
544,Lawrence Stewart,2283
545,Martin Cooper,2086
546,Willie Long,3505
547,Antonio Simmons,2683
548,Eric Hughes,2634
549,Bobby Rogers,2135
550,Nathan Thomas,3577
551,Timothy Perez,3186
552,Victor White,2690
553,Christopher Ross,3381
554,Raymond Russell,2243
555,David Henderson,2814
556,Bobby Howard,4906
557,Henry Wright,1470
558,Scott Adams,3903
559,Harry Peterson,4900
560,Russell Perry,3129
561,Gregory Wood,3397
562,Manuel Price,4969
563,Arthur Wilson,2775
564,Allen Lewis,1595
565,John Nelson,2092
566,Donald Thompson,3021
567,Jeffrey Scott,3363
568,Jimmy Alexander,1559
569,Patrick Torres,1519
570,Charles Brown,3082
571,Steven Bell,4404
572,Matthew Jenkins,3037
573,Scott White,1821
574,Russell Howard,4661
575,Mike Alexander,1983
576,Keith Gray,3857
577,Edward Collins,4015
578,Jimmy Green,1098
579,Larry Ross,4795
580,Russell Watson,2472
581,Ronald Watson,1183
582,Harold Peterson,1189
583,Peter Ward,1283
584,Frank Gonzales,1285
585,Jason Evans,2813
586,John Mitchell,4327
587,Henry Evans,1304
588,Ryan Hernandez,2063
589,Edward Turner,4969
590,Frank Sanchez,3937
591,Matthew Wilson,2828
592,Craig Sanchez,2143
593,Eric Patterson,3199
594,Johnny Long,2553
595,Carlos Parker,3515
596,Jerry Brooks,2577
597,Harold Edwards,4763
598,Mark Sanchez,2930
599,Dennis Gonzales,3389
600,Carl Torres,1760
601,Scott Bennett,1758
602,Gregory Roberts,1273
603,Russell Thomas,2894
604,Fred Turner,1913
605,Leonard Perez,1771
606,Ryan Price,3816
607,Brandon Smith,3236
608,Patrick Baker,3899
609,Juan Mitchell,2128
610,Danny Martin,1321
611,Gary Gonzalez,4554
612,Ryan Anderson,3631
613,Joseph Wilson,2370
614,Joe Gonzales,2180
615,Jerry Gonzalez,3716
616,Jonathan Bell,1334
617,Fred Barnes,3669
618,Charles Gray,4209
619,Henry Simmons,4978
620,Chris Russell,3216
621,Harry Sanchez,3168
622,Leonard Evans,2054
623,Stephen Russell,4134
624,Charles Griffin,1928
625,Steve Scott,2592
626,Rodney Brooks,3598
627,Tony Ramirez,2218
628,Mark Perez,2607
629,Nicholas Wright,1532
630,Matthew Coleman,3644
631,Eric Thomas,4041
632,Bruce Wilson,2523
633,Todd Clark,3113
634,John Garcia,1061
635,Ronald Richardson,4124
636,Sean Flores,3271
637,Juan Sanders,4718
638,Brandon Evans,1455
639,Jason Mitchell,3279
640,Todd Washington,2695
641,Jeffrey Smith,2812
642,Mark Gonzales,3164
643,Scott Stewart,2939
644,Sean Gray,1592
645,Robert Stewart,1055
646,Curtis Long,1902
647,Harry Russell,2691
648,William Simmons,3892
649,Benjamin Garcia,2899
650,Steve Roberts,2923
651,Jeffrey Carter,4319
652,Paul Rogers,1601
653,Frank Morgan,3151
654,Jeffrey Hill,3819
655,Patrick Morris,3253
656,Matthew Butler,2944
657,Harold Carter,2477
658,Steve Edwards,2515
659,Phillip Scott,3339
660,Gregory Sanchez,2376
661,Tony Martin,1082
662,Jerry Lopez,2918
663,Richard Hughes,3696
664,Samuel Bennett,1894
665,Ryan Martinez,3137
666,John Stewart,3082
667,Andrew Rivera,4957
668,Brandon Patterson,4305
669,Todd Lopez,1939
670,Patrick Alexander,4516
671,John Russell,1590
672,Aaron Kelly,4423
673,Gerald Turner,3843
674,Shawn Carter,1549
675,Carl Campbell,4937
676,Stephen Washington,1228
677,Walter Martin,4274
678,Kenneth Price,1825
679,Edward Green,4935
680,Norman Watson,4367
681,Howard Perry,3525
682,Roger Wright,4515
683,Henry Thomas,1647
684,Kevin Hernandez,4123
685,Roger Green,1580
686,Russell James,3446
687,Shawn Allen,2478
688,Eugene Griffin,4216
689,Jonathan Martinez,3432
690,Norman Torres,3460
691,Jose Jackson,4402
692,Jesse Scott,3696
693,Eric Edwards,2807
694,Paul Perez,2501
695,Justin Cook,1509
696,Samuel Gonzales,3813
697,Dennis Perez,2862
698,Stanley Alexander,4959
699,Albert Lee,2801
700,Raymond Moore,4130
701,George Jackson,2571
702,Bobby Clark,4136
703,Clarence Bailey,4163
704,Christopher Roberts,1172
705,Bruce Parker,1428
706,Richard Campbell,4528
707,Shawn Lopez,2912
708,Wayne Perez,3053
709,Chris Brown,4032
710,Brandon Roberts,4407
711,Joe Green,4929
712,Aaron Powell,4574
713,Anthony Bailey,3820
714,Danny Doe,2879
715,Benjamin Griffin,2110
716,George White,3102
717,Harry Rivera,3361
718,Gregory Patterson,4431
719,Eugene Martin,4319
720,Ralph Davis,1827
721,Victor Powell,1523
722,Leonard Cook,1432
723,Roy Clark,1584
724,Raymond Gray,4100
725,Eugene Bailey,1940
726,Harry Doe,3781
727,Bryan Bailey,4802
728,Jason Lopez,1902
729,Daniel Flores,1165
730,Jerry Hernandez,1170
731,Russell Martinez,3127
732,Dale Watson,3103
733,Paul Baker,1143
734,Wayne Sanders,3062
735,Brandon Perry,4754
736,Johnny White,2561
737,Jeremy Rodriguez,3554
738,Rodney Davis,1630
739,Russell Bryant,4437
740,Willie Evans,1943
741,Anthony Campbell,3660
742,Eugene Sanders,3699
743,Steve Bryant,4473
744,Ralph Cook,3371
745,Nicholas Clark,3675
746,Keith Taylor,4307
747,Carlos Hill,3283
748,Curtis Long,4426
749,Eric Alexander,1881
750,Bryan Lewis,3634
751,Walter Diaz,2652
752,Dennis Nelson,3579
753,Bobby Hayes,1509
754,Roy Nelson,2793
755,Dale Rodriguez,3157
756,Dennis Morris,1453
757,Kevin Davis,2620
758,Philip Adams,1107
759,Stanley Murphy,4100
760,Sean Long,1853
761,Roger Griffin,2224
762,Ernest Ross,3417
763,Harold Ross,3359
764,Justin Barnes,3678
765,Stanley Carter,4051
766,Antonio Coleman,4474
767,Walter Adams,1821
768,Carl Gonzales,4474
769,Ernest Brown,2562
770,Michael Griffin,1309
771,Mike Bell,3848
772,Earl Bennett,2574
773,Luis Evans,4255
774,Jack Lopez,2150
775,Christopher Butler,2360
776,Allen Ross,1442
777,Albert Rivera,2328
778,Randy Thomas,1524
779,Christopher Coleman,4534
780,Sean Ross,4026
781,Jeremy Hill,2482
782,Samuel Perry,3971
783,Manuel Perry,3780
784,Charles Hernandez,2022
785,Jerry Kelly,2883
786,Steve Morgan,3015
787,Brian Davis,1876
788,Kenneth Morgan,2799
789,Gary Adams,4487
790,Benjamin Bryant,4038
791,Steve Wood,2079
792,Antonio Martin,1689
793,Brandon Russell,4913
794,Russell Lee,3863
795,Craig Sanders,1815
796,Brian Johnson,4639
797,Jack Rivera,2072
798,Leonard Washington,3562
799,Ernest Green,1253
800,Christopher Cook,3288
801,Fred Cooper,3003
802,Eugene Ross,1885
803,Jesse Allen,3120
804,Norman Lopez,1114
805,John Hughes,4761
806,Samuel Robinson,2989
807,Douglas Patterson,4736
808,Michael Richardson,1524
809,Stephen Young,3911
810,Phillip Martin,4999
811,Billy Bennett,2454
812,Rodney Perez,4051
813,Martin Russell,2965
814,Thomas Rodriguez,4755
815,Chris Allen,1654
816,Ryan Gonzalez,4380
817,Terry Cooper,1889
818,Jimmy Robinson,2031
819,Johnny Richardson,4027
820,Kenneth Cox,2541
821,Mark Flores,2115
822,Samuel Coleman,1545
823,Walter Nelson,3348
824,Ralph Simmons,1282
825,Danny Kelly,2253
826,Bruce Lopez,1921
827,Gregory Ward,3454
828,Harry Hill,4702
829,Bobby Harris,3405
830,Luis Turner,3796
831,Raymond Mitchell,2787
832,Jose King,2016
833,Jason Phillips,1060
834,Jose Russell,3182
835,Henry Baker,3668
836,Brian Wright,3353
837,Scott Roberts,4233
838,Jimmy Bryant,3685
839,Rodney Robinson,1173
840,Michael Bailey,3664
841,Walter Wright,4274
842,Daniel Howard,1959
843,Russell James,2181
844,Donald Murphy,3506
845,Edward Henderson,3484
846,Danny Ward,3824
847,Roger Anderson,2188
848,Mark Baker,1361
849,Samuel Henderson,1934
850,Earl Ward,4509
851,Joseph Bell,1932
852,Jesse Rivera,4808
853,Raymond Griffin,4085
854,Chris Adams,1291
855,Gary Peterson,1334
856,Billy Roberts,4997
857,Matthew Rogers,4015
858,Jason Lee,2150
859,Carlos Wilson,1506
860,Samuel Ross,2301
861,Ernest Sanders,3675
862,Joe Hughes,2036
863,Anthony Rivera,2601
864,Stanley Torres,4523
865,Stanley Doe,4840
866,Roy Collins,2726
867,Billy Green,4961
868,Terry Wilson,4011
869,Russell Long,3252
870,Joe Parker,3930
871,Sean Kelly,2345
872,Antonio Doe,2915
873,Justin Hayes,1600
874,James Cook,4213
875,Johnny Turner,4809
876,Walter Garcia,3461
877,Jack Bryant,1076
878,George Russell,3096
879,Justin Stewart,2437
880,Chris Price,1072
881,Luis King,2240
882,Todd Wood,2348
883,Howard Lewis,1087
884,Harold Parker,2943
885,Kevin Morgan,3685
886,Christopher Cox,3898
887,Albert Green,4134
888,Billy Ward,2141
889,Danny Nelson,1577
890,Kevin Cook,2475
891,Albert Jenkins,3963
892,Patrick Lewis,1141
893,George Flores,1421
894,Eric Bryant,4141
895,Steven Thompson,1137
896,Phillip Cook,3646
897,Carlos Brooks,2788
898,Henry Stewart,2372
899,Jonathan Morris,3314
900,Lawrence King,1414
901,Bobby Mitchell,1590
902,Lawrence Doe,1171
903,Phillip Turner,4385
904,Joshua Hernandez,3448
905,Timothy Morris,3632
906,Randy Hughes,3422
907,Carl Wilson,4135
908,Steven Kelly,4375
909,Adam Harris,4177
910,Jeffrey Patterson,1801
911,Curtis Lopez,2530
912,Todd Nelson,2777
913,William Russell,4372
914,Timothy Green,2998
915,Lawrence Wright,1937
916,Chris Howard,3359
917,Lawrence Barnes,2763
918,Jason Gray,1700
919,Kevin Baker,4846
920,Sean Henderson,2038
921,Danny Smith,4103
922,Ernest Sanchez,2378
923,Scott Wood,2261
924,Donald Sanchez,1874
925,Norman Bryant,1959
926,Steve Reed,1317
927,Ernest Young,3929
928,Randy Bell,2350
929,Antonio Nelson,4006
930,Adam Rodriguez,3570
931,Brian Robinson,3451
932,Jesse Cook,4781
933,Jesse Bryant,2835
934,Dale Gonzalez,1858
935,Scott Perry,1331
936,Jesse Hall,1982
937,Brandon Taylor,4531
938,Steven Jackson,1143
939,Stanley Stewart,2518
940,Patrick Carter,1637
941,Dennis Bell,3100
942,Terry Ross,3262
943,Roy Cooper,3674
944,Harold Bennett,2521
945,Carl Thompson,2455
946,Jonathan Allen,2141
947,Harry Gray,1260
948,Joseph Rivera,1085
949,Ralph Richardson,4667
950,Carl Powell,4972
951,Dennis Edwards,3872
952,Larry Martinez,3168
953,Norman Wood,4488
954,Philip Barnes,2958
955,Bobby Butler,4455
956,Gerald Taylor,3001
957,Brian Lewis,1288
958,Jimmy Thomas,3469
959,Craig Collins,3914
960,Jonathan Coleman,2097
961,Steven Perry,1022
962,Phillip Thomas,2057
963,Paul Hughes,4101
964,Louis Clark,1487
965,James Henderson,3857
966,Matthew Smith,4950
967,Nicholas Baker,4530
968,Arthur Walker,3276
969,William Mitchell,3734
970,Gerald Cooper,4012
971,Richard Martinez,1332
972,Tony Diaz,1232
973,Mike Flores,3954
974,Martin Martinez,1634
975,Earl Perez,2130
976,Tony Kelly,1998
977,Leonard Walker,1705
978,Howard Campbell,4936
979,Gary Mitchell,4726
980,Bruce Hernandez,1782
981,Steve Gray,1371
982,Jeffrey Hernandez,3994
983,Louis Sanchez,4539
984,Frank Martinez,3599
985,Kenneth Sanchez,4777
986,Gregory Wood,2955
987,Anthony Simmons,1669
988,Chris Allen,1978
989,Gerald Rodriguez,3457
990,Jason Rivera,2106
991,Justin Patterson,4363
992,Raymond Peterson,3298
993,Gary Henderson,1889
994,Matthew Wood,1878
995,Joseph Thomas,2138
996,Dennis Gray,3728
997,Jesse Lee,4840
998,Leonard Turner,3791
999,Russell Morris,3756
